host_genus	D_0__Bacteria	D_0__Bacteria;D_1__Proteobacteria	D_0__Bacteria;D_1__Proteobacteria;D_2__Alphaproteobacteria	D_0__Bacteria;D_1__Proteobacteria;D_2__Gammaproteobacteria	D_0__Bacteria;D_1__Bacteroidetes;D_2__Bacteroidia;D_3__Flavobacteriales	D_0__Bacteria;D_1__Cyanobacteria;D_2__Oxyphotobacteria;D_3__Synechococcales	D_0__Bacteria;D_1__Proteobacteria;D_2__Alphaproteobacteria;D_3__Rhizobiales	D_0__Bacteria;D_1__Proteobacteria;D_2__Alphaproteobacteria;D_3__Rhodobacterales	D_0__Bacteria;D_1__Proteobacteria;D_2__Alphaproteobacteria;D_3__Rhodospirillales	D_0__Bacteria;D_1__Proteobacteria;D_2__Alphaproteobacteria;D_3__Rickettsiales	D_0__Bacteria;D_1__Proteobacteria;D_2__Alphaproteobacteria;D_3__Sphingomonadales	D_0__Bacteria;D_1__Proteobacteria;D_2__Gammaproteobacteria;D_3__Alteromonadales	D_0__Bacteria;D_1__Proteobacteria;D_2__Gammaproteobacteria;D_3__Betaproteobacteriales	D_0__Bacteria;D_1__Proteobacteria;D_2__Gammaproteobacteria;D_3__Oceanospirillales	D_0__Bacteria;D_1__Proteobacteria;D_2__Gammaproteobacteria;D_3__Pseudomonadales	D_0__Bacteria;D_1__Proteobacteria;D_2__Gammaproteobacteria;D_3__Vibrionales	D_0__Bacteria;D_1__Proteobacteria;D_2__Gammaproteobacteria;__	D_0__Bacteria;__;__;__	D_0__Bacteria;D_1__Cyanobacteria;D_2__Oxyphotobacteria;D_3__Synechococcales;D_4__Cyanobiaceae	D_0__Bacteria;D_1__Planctomycetes;D_2__Planctomycetacia;D_3__Pirellulales;D_4__Pirellulaceae	D_0__Bacteria;D_1__Proteobacteria;D_2__Alphaproteobacteria;D_3__Puniceispirillales;D_4__SAR116 clade	D_0__Bacteria;D_1__Proteobacteria;D_2__Alphaproteobacteria;D_3__Rhizobiales;D_4__Stappiaceae	D_0__Bacteria;D_1__Proteobacteria;D_2__Alphaproteobacteria;D_3__Rhodobacterales;D_4__Rhodobacteraceae	D_0__Bacteria;D_1__Proteobacteria;D_2__Alphaproteobacteria;D_3__Rhodospirillales;D_4__Terasakiellaceae	D_0__Bacteria;D_1__Proteobacteria;D_2__Alphaproteobacteria;D_3__Rickettsiales;D_4__Midichloriaceae	D_0__Bacteria;D_1__Proteobacteria;D_2__Alphaproteobacteria;D_3__Sphingomonadales;D_4__Sphingomonadaceae	D_0__Bacteria;D_1__Proteobacteria;D_2__Gammaproteobacteria;D_3__Alteromonadales;D_4__Pseudoalteromonadaceae	D_0__Bacteria;D_1__Proteobacteria;D_2__Gammaproteobacteria;D_3__Betaproteobacteriales;D_4__Burkholderiaceae	D_0__Bacteria;D_1__Proteobacteria;D_2__Gammaproteobacteria;D_3__Oceanospirillales;D_4__Endozoicomonadaceae	D_0__Bacteria;D_1__Proteobacteria;D_2__Gammaproteobacteria;D_3__Pseudomonadales;D_4__Moraxellaceae	D_0__Bacteria;D_1__Proteobacteria;D_2__Gammaproteobacteria;D_3__Pseudomonadales;D_4__Pseudomonadaceae	D_0__Bacteria;D_1__Proteobacteria;D_2__Gammaproteobacteria;D_3__Vibrionales;D_4__Vibrionaceae	D_0__Bacteria;D_1__Proteobacteria;D_2__Gammaproteobacteria;__;__	D_0__Bacteria;__;__;__;__	D_0__Bacteria;D_1__Bacteroidetes;D_2__Bacteroidia;D_3__Sphingobacteriales;__;__	D_0__Bacteria;D_1__Cyanobacteria;D_2__Oxyphotobacteria;D_3__Synechococcales;D_4__Cyanobiaceae;D_5__Synechococcus CC9902	D_0__Bacteria;D_1__Proteobacteria;D_2__Alphaproteobacteria;D_3__Puniceispirillales;D_4__SAR116 clade;__	D_0__Bacteria;D_1__Proteobacteria;D_2__Alphaproteobacteria;D_3__Rhizobiales;D_4__Stappiaceae;D_5__Pseudovibrio	D_0__Bacteria;D_1__Proteobacteria;D_2__Alphaproteobacteria;D_3__Rhizobiales;D_4__Stappiaceae;__	D_0__Bacteria;D_1__Proteobacteria;D_2__Alphaproteobacteria;D_3__Rhodobacterales;D_4__Rhodobacteraceae;__	D_0__Bacteria;D_1__Proteobacteria;D_2__Alphaproteobacteria;D_3__Rhodospirillales;D_4__Terasakiellaceae;D_5__uncultured	D_0__Bacteria;D_1__Proteobacteria;D_2__Alphaproteobacteria;D_3__Rickettsiales;D_4__Midichloriaceae;D_5__MD3-55	D_0__Bacteria;D_1__Proteobacteria;D_2__Alphaproteobacteria;D_3__Sphingomonadales;D_4__Sphingomonadaceae;D_5__Sphingobium	D_0__Bacteria;D_1__Proteobacteria;D_2__Alphaproteobacteria;D_3__Sphingomonadales;D_4__Sphingomonadaceae;__	D_0__Bacteria;D_1__Proteobacteria;D_2__Alphaproteobacteria;__;__;__	D_0__Bacteria;D_1__Proteobacteria;D_2__Gammaproteobacteria;D_3__Alteromonadales;D_4__Pseudoalteromonadaceae;D_5__Pseudoalteromonas	D_0__Bacteria;D_1__Proteobacteria;D_2__Gammaproteobacteria;D_3__Betaproteobacteriales;D_4__Burkholderiaceae;D_5__Aquabacterium	D_0__Bacteria;D_1__Proteobacteria;D_2__Gammaproteobacteria;D_3__Oceanospirillales;D_4__Endozoicomonadaceae;D_5__Endozoicomonas	D_0__Bacteria;D_1__Proteobacteria;D_2__Gammaproteobacteria;D_3__Pseudomonadales;D_4__Moraxellaceae;D_5__Enhydrobacter	D_0__Bacteria;D_1__Proteobacteria;D_2__Gammaproteobacteria;D_3__Pseudomonadales;D_4__Pseudomonadaceae;D_5__Pseudomonas	D_0__Bacteria;D_1__Proteobacteria;D_2__Gammaproteobacteria;D_3__Vibrionales;D_4__Vibrionaceae;D_5__Photobacterium	D_0__Bacteria;D_1__Proteobacteria;D_2__Gammaproteobacteria;D_3__Vibrionales;D_4__Vibrionaceae;D_5__Vibrio	D_0__Bacteria;D_1__Proteobacteria;D_2__Gammaproteobacteria;__;__;__	D_0__Bacteria;D_1__Tenericutes;D_2__Mollicutes;D_3__Entomoplasmatales;D_4__Spiroplasmataceae;D_5__Spiroplasma	D_0__Bacteria;__;__;__;__;__
Lobophyllia	982.0	768.0625	326.4375	431.5	51.5625	51.1875	73.3125	27.5	7.6875	3.3125	85.875	25.375	163.9375	78.0	79.25	15.375			51.1875	3.0	10.8125	66.1875	27.5	0.0625	1.0	85.875	1.25	96.4375	77.0	5.1875	74.0625	15.375				44.6					0.06666666666666667	1.0	72.73333333333333			1.3333333333333333	70.86666666666666	82.13333333333334	0.06666666666666667	79.0	5.933333333333334	10.333333333333334		16.533333333333335	
Alveopora	995.5	934.0	475.0	459.0			7.5				342.5	1.5	284.0		172.0											342.5	1.5	251.0		1.5	170.5												272.5				232.0			170.5					
Favites	980.25	766.75	538.75	196.75	95.75	16.25	10.5	17.25	427.0	0.5	27.0	7.5	102.5	19.75	29.5	7.25			16.25	4.75	17.75	0.25	17.25	425.0	0.5	27.0	1.5	23.0	18.75	1.25	28.25	7.25				14.0					425.0		18.5			0.75	19.5	18.75		28.25	3.0	3.0			
Orbicella	995.6	612.8	239.2	369.4	4.0	1.2	16.0	2.2	1.8		140.2		188.8	23.6	140.6	0.2			1.2	1.2			2.2	1.8		140.2		152.4	23.6	7.0	133.6	0.2				1.0					1.8		113.2				137.2	23.6	0.4	133.6		0.2			
Lithophyllon	977.0	653.0	291.0	329.0	91.0	65.0	20.0	20.0	6.0		140.0	9.0	137.0		47.0				65.0	12.0		6.0	20.0	4.0		140.0		97.0		1.0	46.0					36.0		6.0			4.0		122.0				67.0			46.0					
Acropora	994.3181818181819	863.2727272727273	383.8181818181818	476.22727272727275	28.681818181818183	24.90909090909091	20.954545454545453	10.590909090909092	2.590909090909091	1.6818181818181819	188.45454545454547	4.090909090909091	203.0909090909091	68.0909090909091	175.0909090909091	8.954545454545455			24.90909090909091	0.18181818181818182	11.863636363636363	0.13636363636363635	10.590909090909092	0.045454545454545456		188.45454545454547	0.045454545454545456	157.54545454545453	67.72727272727273	3.227272727272727	171.86363636363637	8.954545454545455				19.545454545454547					0.045454545454545456		155.0909090909091			0.045454545454545456	131.4090909090909	67.72727272727273		171.86363636363637	1.7727272727272727	7.045454545454546		0.045454545454545456	
Pectinia	997.0	982.5	569.5	413.0	4.0	4.0			3.5	0.5	556.5	22.5	5.5	88.5	235.0				4.0							556.5	22.5	4.0		0.5	234.5					3.0							8.0			22.5	2.5			234.5					
Podabacia	959.5	514.0	189.0	314.0	62.5	87.5	6.0	9.5	17.5	2.5	56.0	3.0	70.0	12.0	57.0	10.5			87.5	9.5	8.5	3.0	9.5		1.0	56.0	1.0	54.5	12.0	8.5	48.5	10.5				86.0						1.0	46.0			1.0	41.5	12.0		48.5	2.5	5.0		0.5	
Merulina	995.3333333333334	824.6666666666666	358.6666666666667	462.6666666666667	96.66666666666667	4.666666666666667	75.66666666666667	17.333333333333332	0.6666666666666666	0.3333333333333333	139.33333333333334	4.666666666666667	228.0		216.66666666666666	2.3333333333333335			4.666666666666667	12.666666666666666	18.0		17.333333333333332		0.3333333333333333	139.33333333333334	1.0	188.66666666666666			216.66666666666666	2.3333333333333335				4.666666666666667							107.33333333333333				167.33333333333334			216.66666666666666		0.6666666666666666			
Leptoria	993.0	883.0	463.5	419.5		9.5	134.5	4.0			227.0		197.0	0.5	204.5				9.5	2.0			4.0			227.0		160.5	0.5		204.5					5.0							211.0				107.5	0.5		204.5					
Sarcophyton	988.0	662.0	240.0	421.0		4.0	3.0				160.0	1.0	175.0		222.0				4.0	10.0						160.0	1.0	162.0			222.0												121.0			1.0	140.0			222.0					
Acanthastrea	1000.0	954.3333333333334	788.0	166.33333333333334	1.3333333333333333		632.0	0.3333333333333333			91.33333333333333		102.33333333333333	0.3333333333333333	57.0							632.0	0.3333333333333333			91.33333333333333		77.0			57.0							592.3333333333334					60.0				58.0			57.0					
Goniopora	925.0	635.0	237.0	395.3333333333333	12.0	19.333333333333332	105.33333333333333	27.666666666666668	1.3333333333333333	1.0	42.0	2.0	56.333333333333336	93.66666666666667	213.66666666666666	3.6666666666666665			19.333333333333332	10.666666666666666	1.3333333333333333		27.666666666666668		0.6666666666666666	42.0		50.333333333333336	93.66666666666667	153.0	60.666666666666664	3.6666666666666665				16.333333333333332						0.6666666666666666	28.666666666666668				43.0	93.66666666666667	142.0	60.666666666666664	2.0	1.3333333333333333		4.666666666666667	
Dendrophyllia	916.0	492.5	205.0	265.5	24.5	5.5	27.0	134.0	3.0		16.5	31.0	37.5	37.5	82.5	14.0			5.5	6.0		4.5	134.0	3.0		16.5		21.0	37.0	4.5	77.5	14.0									3.0		16.0				17.0	37.0		77.5	2.5	11.5			
Galaxea	979.8125	675.0625	324.75	323.8125	48.0	40.5625	63.125	13.125	4.9375	3.1875	104.125	2.9375	120.9375	24.25	96.5	28.125			40.5625	3.4375	10.0	38.25	13.125	0.5		104.125	0.625	104.5	22.875	1.5625	94.9375	28.125				29.1875		38.25			0.4375		79.0625			0.0625	83.9375	22.875		94.9375	2.3125	25.25		1.25	
Montastraea	994.3333333333334	823.3333333333334	376.0	447.3333333333333			11.333333333333334	2.3333333333333335		0.6666666666666666	252.66666666666666		254.0		187.0					1.0			2.3333333333333335		0.6666666666666666	252.66666666666666		208.0		13.333333333333334	173.66666666666666											0.6666666666666666	228.33333333333334				170.0		12.666666666666666	173.66666666666666					
Montipora	980.75	770.0	344.5	415.25	6.75	61.5	13.5	4.0	1.25		208.0		194.25	1.0	215.75				61.5	4.0	4.25	0.5	4.0	1.25		208.0		169.25	1.0	2.5	213.25					42.25					1.25		176.0				128.0	1.0		213.25					
Fungid	978.2	618.8	195.0	412.0	161.6	9.4	8.4	20.6	1.4	0.4	83.0	129.4	120.8	33.8	73.8	5.4			9.4	14.6	0.6	3.0	20.6	0.6	0.2	83.0	118.8	102.6	2.4		73.8	5.4				7.6		0.8				0.2	70.6			118.4	89.6	2.4		73.8	0.6	3.6			
Physogyra	998.6	833.8	399.0	427.6	67.2	21.0	7.2	17.8	63.6		186.2	3.0	259.2	3.2	128.8	0.8			21.0	3.0	2.8	0.4	17.8	50.6		186.2		171.8	3.2	5.0	123.8	0.8				20.0					50.6		151.0				141.6	3.2		123.8		0.8			
Psammocora	994.3333333333334	882.0	371.3333333333333	499.0	14.666666666666666	4.666666666666667	17.0	2.0	1.6666666666666667	0.3333333333333333	207.66666666666666	0.6666666666666666	128.66666666666666	210.66666666666666	116.33333333333333	33.333333333333336			4.666666666666667	8.333333333333334	1.3333333333333333		2.0	0.6666666666666666		207.66666666666666		109.0	210.66666666666666		116.33333333333333	33.333333333333336				3.6666666666666665					0.6666666666666666		173.0				97.66666666666667	210.66666666666666		116.33333333333333		33.333333333333336			
Homophyllia	928.0	597.0	207.0	319.0	43.0	3.0	54.0	22.0			64.0	21.0	57.0	55.0	97.0	2.0			3.0	44.0			22.0			64.0	17.0	51.0	51.0	6.0	91.0	2.0				3.0							55.0			17.0	42.0	51.0		91.0		2.0			
Astrea	1000.0	926.5	417.5	509.0	3.0		15.0	8.5			229.0		339.5		169.5								8.5			229.0		272.0		7.0	162.5												197.5				238.0			162.5					
Stylophora	980.2857142857143	742.2857142857143	256.0	482.7142857142857	20.428571428571427	68.14285714285714	7.714285714285714	5.571428571428571	2.142857142857143	2.857142857142857	115.28571428571429	1.4285714285714286	168.57142857142858	128.0	161.57142857142858	3.4285714285714284			68.14285714285714	0.5714285714285714	5.714285714285714		5.571428571428571			115.28571428571429	0.7142857142857143	139.28571428571428	126.0	7.285714285714286	154.28571428571428	3.4285714285714284				53.142857142857146							92.57142857142857			0.2857142857142857	123.28571428571429	126.0	0.2857142857142857	154.28571428571428	0.5714285714285714	2.5714285714285716		0.2857142857142857	
Millepora	993.5	809.6666666666666	373.6666666666667	434.8333333333333	1.1666666666666667	2.0	11.833333333333334	1.1666666666666667	0.3333333333333333		201.16666666666666	1.3333333333333333	229.66666666666666	15.333333333333334	169.83333333333334	7.166666666666667			2.0	1.0	35.166666666666664		1.1666666666666667	0.16666666666666666		201.16666666666666	0.16666666666666666	182.33333333333334	15.166666666666666	5.333333333333333	164.5	7.166666666666667				0.3333333333333333					0.16666666666666666		176.0			0.16666666666666666	152.16666666666666	15.166666666666666		164.5	2.5	4.666666666666667			
Mycedium	1000.0	895.0	394.0	501.0	5.0	32.0	9.0				205.0		280.0		220.0				32.0							205.0		200.0			220.0					32.0							184.0				175.0			220.0					
Coscinaraea	938.3333333333334	633.6666666666666	199.0	363.3333333333333	26.0	31.0	7.0	9.0	10.333333333333334	1.3333333333333333	64.33333333333333	8.666666666666666	173.33333333333334	14.0	123.33333333333333	3.6666666666666665			31.0	2.6666666666666665	9.333333333333334		9.0	5.333333333333333	0.6666666666666666	64.33333333333333	0.3333333333333333	102.66666666666667	13.666666666666666		123.33333333333333	3.6666666666666665				27.666666666666668					5.0	0.6666666666666666	48.0				88.0	13.666666666666666		123.33333333333333		0.3333333333333333			
Goniastrea	996.5	686.0	96.5	563.5	17.0	5.5	11.0	46.0	1.5	4.0	15.0	490.0	30.5		27.5				5.5	7.5	2.0	9.5	46.0	1.5	4.0	15.0	490.0	29.0		1.5	26.0					5.5		9.5				4.0	13.5			490.0	26.0			26.0					
Ctenactis	956.0	476.0	96.0	361.0	3.0		1.0				71.0	5.0	107.0	37.0	151.0	7.0										71.0	5.0	82.0	29.0		151.0	7.0											61.0			5.0	71.0	29.0		151.0		7.0			
Caulastraea	968.0	821.0	766.0	48.0	4.0	1.0	1.0		734.0	1.0			40.0	2.0		1.0			1.0	5.0				553.0					2.0			1.0									553.0							2.0				1.0			
Stichodactyla	971.0	630.0	189.0	441.0			12.0				91.0		150.0	10.0	196.0											91.0		103.0	10.0		196.0												88.0				101.0	10.0		196.0					
Palythoa	915.5	559.6666666666666	198.0	333.8333333333333	64.66666666666667	27.0	6.166666666666667	18.333333333333332	2.1666666666666665	2.5	55.666666666666664	0.16666666666666666	62.333333333333336	54.5	35.833333333333336	161.83333333333334			27.0	4.166666666666667	6.166666666666667	0.16666666666666666	18.333333333333332	0.3333333333333333	0.6666666666666666	55.666666666666664		40.166666666666664	53.333333333333336		35.833333333333336	161.83333333333334				24.833333333333332						0.6666666666666666	45.666666666666664				31.833333333333332	53.333333333333336		35.833333333333336	93.83333333333333	68.0		96.33333333333333	
Tubastraea	975.2857142857143	783.8571428571429	288.57142857142856	482.57142857142856	30.571428571428573	30.714285714285715	21.571428571428573	6.714285714285714	22.571428571428573	3.2857142857142856	37.142857142857146	3.5714285714285716	64.14285714285714	47.142857142857146	327.0	3.4285714285714284			30.714285714285715	3.4285714285714284	4.857142857142857	0.2857142857142857	6.714285714285714	11.0	1.4285714285714286	37.142857142857146	0.5714285714285714	53.142857142857146	30.428571428571427	4.0	323.0	3.4285714285714284				28.714285714285715					11.0	1.4285714285714286	32.42857142857143			0.5714285714285714	45.42857142857143	30.428571428571427		323.0	0.2857142857142857	3.142857142857143			
Stephanocoenia	987.8	882.8	696.8	156.6	9.8	4.8	4.4	2.8	4.0	628.8	29.4	1.6	30.2	67.2	29.2	8.8			4.8	4.8	0.2		2.8	3.4	628.4	29.4	0.6	24.6	66.8		29.2	8.8				2.8					3.4	628.4	20.6			0.4	21.4	66.8		29.2	4.4	4.4			
Heteractis	1000.0	989.0		989.0		6.0										989.0			6.0	1.0												989.0				6.0																989.0			
Sinularia	986.0	524.0	114.0	387.0	95.0	229.0	5.0	28.0	6.0	4.0	14.0	110.0	32.0	146.0	21.0	32.0			229.0	1.0	12.0	2.0	28.0	2.0		14.0	55.0	17.0	130.0	3.0	18.0	32.0				224.0					2.0		9.0			55.0	8.0	130.0		18.0		32.0			
Hydnophora	983.5	720.1666666666666	272.3333333333333	444.1666666666667	69.33333333333333	47.666666666666664	20.5	32.666666666666664	17.666666666666668	1.8333333333333333	84.16666666666667	3.5	113.83333333333333	141.66666666666666	130.83333333333334	3.6666666666666665			47.666666666666664	2.0	24.666666666666668		32.666666666666664	14.333333333333334	0.5	84.16666666666667	0.8333333333333334	91.83333333333333	141.16666666666666	37.333333333333336	93.5	3.6666666666666665				40.833333333333336					14.333333333333334	0.5	69.66666666666667			0.8333333333333334	72.16666666666667	141.16666666666666	0.8333333333333334	93.5	0.5	3.0		0.8333333333333334	
Plerogyra	986.5	639.6666666666666	146.16666666666666	454.3333333333333	61.166666666666664	41.166666666666664	23.666666666666668	23.166666666666668	1.6666666666666667	19.166666666666668	37.666666666666664	7.666666666666667	33.333333333333336	10.666666666666666	181.33333333333334	8.666666666666666			41.166666666666664	18.333333333333332	1.3333333333333333	3.1666666666666665	23.166666666666668	0.16666666666666666	17.166666666666668	37.666666666666664	2.5	24.166666666666668	5.333333333333333	0.3333333333333333	181.0	8.666666666666666				40.833333333333336						17.166666666666668	26.0			2.3333333333333335	18.0	5.333333333333333		181.0	0.16666666666666666	8.5			
Scolymia	984.25	514.0	292.0	213.25	53.75	12.0	2.5	51.5	121.0	1.25	46.25	2.0	86.25	1.5	92.25	4.25			12.0	4.5	1.75		51.5	107.25	1.25	46.25	0.25	74.75	0.75	7.0	85.25	4.25				5.5					107.25	0.5	34.25			0.25	68.0	0.75	0.5	85.25	2.0	1.75			
Pocillopora	992.1666666666666	816.3888888888889	353.1666666666667	461.22222222222223	25.22222222222222	17.666666666666668	19.11111111111111	6.0	5.388888888888889	2.111111111111111	155.66666666666666	3.4444444444444446	181.38888888888889	29.944444444444443	208.77777777777777	13.833333333333334			17.666666666666668	1.5555555555555556	5.833333333333333		6.0		0.3888888888888889	155.66666666666666	0.2222222222222222	141.77777777777777	27.88888888888889	8.277777777777779	200.5	13.833333333333334				12.5						0.3888888888888889	130.16666666666666			0.2222222222222222	120.0	27.88888888888889	0.1111111111111111	200.5	3.3333333333333335	10.5			
Rhodactis	988.0	437.0	243.0	132.0	21.0	11.0	122.0	69.0	5.0	1.0	7.0	2.0	6.0	4.0	3.0	3.0			11.0	107.0		1.0	69.0	2.0	1.0	7.0		6.0	3.0		3.0	3.0				10.0						1.0	6.0				5.0	3.0		3.0	3.0				
Pseudosiderastrea	999.5	747.5	355.5	386.0	7.5	2.0	27.5	2.5	3.5		221.0		238.0	0.5	123.0	0.5			2.0	3.0		23.5	2.5			221.0		190.5	0.5	1.0	122.0	0.5				2.0							165.0				156.0	0.5		122.0		0.5			
Eguchipsammia	950.5	613.0	261.0	327.0	19.0		8.0	111.0	0.5	0.5	87.5	28.0	72.5	6.0	68.5	101.0				3.0			111.0	0.5		87.5	2.5	55.0	4.0	4.0	64.5	101.0									0.5		77.5			2.5	43.5	4.0		64.5	88.0	13.0			
Isopora	992.3333333333334	809.3333333333334	437.3333333333333	351.3333333333333	16.0	34.666666666666664	18.0	11.666666666666666	3.0	0.3333333333333333	155.0	6.0	137.33333333333334	3.3333333333333335	124.0	36.333333333333336			34.666666666666664	3.0	3.3333333333333335	0.3333333333333333	11.666666666666666	1.0		155.0	2.0	117.0	2.3333333333333335	13.666666666666666	110.33333333333333	36.333333333333336				29.333333333333332					1.0		131.0			2.0	84.66666666666667	2.3333333333333335		110.33333333333333	23.333333333333332	13.0			
Danafungia	996.0	800.0	389.0	392.0	9.0	18.0	13.0	5.0	45.0		212.0		195.0	15.0	157.0	5.0			18.0				5.0	43.0		212.0		147.0			157.0	5.0				17.0					43.0		193.0				120.0			157.0		5.0			
Echinopora	980.0	694.8181818181819	281.1818181818182	404.09090909090907	72.54545454545455	38.81818181818182	11.454545454545455	19.454545454545453	1.6363636363636365	0.9090909090909091	133.45454545454547	5.818181818181818	145.27272727272728	72.27272727272727	115.18181818181819	28.181818181818183			38.81818181818182	5.363636363636363	11.909090909090908	0.2727272727272727	19.454545454545453			133.45454545454547	1.8181818181818181	124.54545454545455	70.36363636363636	4.454545454545454	110.72727272727273	28.181818181818183				32.27272727272727							121.0909090909091				110.36363636363636	70.36363636363636	0.18181818181818182	110.72727272727273	4.090909090909091	15.545454545454545		0.6363636363636364	
Porites	953.1818181818181	696.8181818181819	216.13636363636363	467.95454545454544	26.454545454545453	27.272727272727273	59.27272727272727	15.772727272727273	3.5	1.3181818181818181	62.68181818181818	55.45454545454545	76.63636363636364	206.54545454545453	91.5	7.681818181818182			27.272727272727273	15.954545454545455	3.5	46.18181818181818	15.772727272727273	0.5454545454545454	1.0	62.68181818181818	41.31818181818182	61.77272727272727	199.27272727272728	1.1363636363636365	90.36363636363636	7.681818181818182				24.59090909090909		45.5			0.3181818181818182	1.0	51.59090909090909			41.31818181818182	51.54545454545455	199.27272727272728	0.045454545454545456	90.36363636363636	0.7272727272727273	6.636363636363637		13.090909090909092	
Turbinaria	982.5	688.4	450.3	213.3	55.2	38.9	222.2	17.9	3.7	1.0	101.7	2.2	90.6	19.5	44.8	4.5			38.9	8.9	4.5	200.7	17.9	1.1	0.7	101.7	0.5	74.3	17.6	2.1	42.7	4.5				31.9					0.8	0.7	89.9			0.4	62.1	17.6		42.7	0.8	3.3			
Diploria	986.6666666666666	677.6666666666666	246.33333333333334	336.3333333333333	56.333333333333336	15.0	18.666666666666668	7.333333333333333	5.666666666666667	1.3333333333333333	108.33333333333333	1.3333333333333333	131.33333333333334	11.0	150.66666666666666	3.6666666666666665			15.0	12.666666666666666			7.333333333333333	5.333333333333333	0.3333333333333333	108.33333333333333		105.33333333333333	10.666666666666666	1.0	149.66666666666666	3.6666666666666665				15.0					5.333333333333333	0.3333333333333333	88.66666666666667				95.66666666666667	10.666666666666666		149.66666666666666	0.6666666666666666	3.0			
Lobophytum	959.0	522.5	108.0	408.5	21.5	8.5	11.5	18.0	7.0	0.5	41.5	1.5	31.5	256.0	102.5	3.0			8.5	18.5	2.0	2.0	18.0	5.0		41.5		27.0	256.0	4.0	98.5	3.0				3.0					5.0		28.5				11.0	256.0		98.5	0.5	2.5			
Pavona	984.1052631578947	738.9473684210526	333.10526315789474	383.4736842105263	34.578947368421055	65.63157894736842	63.89473684210526	20.157894736842106	6.842105263157895	1.4736842105263157	101.15789473684211	54.31578947368421	135.05263157894737	7.684210526315789	125.57894736842105	23.94736842105263			65.63157894736842	3.8421052631578947	7.631578947368421	51.26315789473684	20.157894736842106	0.21052631578947367	0.2631578947368421	101.15789473684211	0.8947368421052632	112.42105263157895	6.105263157894737	3.473684210526316	122.10526315789474	23.94736842105263				51.68421052631579		0.05263157894736842			0.15789473684210525	0.2631578947368421	82.05263157894737			0.8421052631578947	100.3157894736842	6.105263157894737		122.10526315789474	6.2105263157894735	15.578947368421053		0.3684210526315789	
Siderastrea	937.6666666666666	594.3333333333334	193.33333333333334	281.3333333333333	35.0	11.333333333333334	15.0	12.0	5.0	37.666666666666664	66.66666666666667	9.666666666666666	62.333333333333336	17.0	76.33333333333333	51.333333333333336			11.333333333333334	15.333333333333334	1.3333333333333333		12.0	0.6666666666666666	37.0	66.66666666666667	2.3333333333333335	53.0	16.666666666666668	29.333333333333332	47.0	51.333333333333336				9.333333333333334					0.6666666666666666	27.0	63.666666666666664			1.6666666666666667	47.666666666666664	16.666666666666668		47.0	18.333333333333332	31.333333333333332			
Diploastrea	978.8421052631579	720.9473684210526	346.6842105263158	357.36842105263156	40.421052631578945	67.10526315789474	11.947368421052632	12.210526315789474	5.7368421052631575	4.157894736842105	182.1578947368421	7.526315789473684	153.42105263157896	10.947368421052632	113.52631578947368	36.10526315789474			67.10526315789474	3.736842105263158	9.31578947368421	0.631578947368421	12.210526315789474	0.10526315789473684	2.210526315789474	182.1578947368421	0.21052631578947367	116.05263157894737	7.105263157894737	6.631578947368421	106.89473684210526	36.10526315789474				58.36842105263158					0.05263157894736842	2.210526315789474	156.73684210526315			0.15789473684210525	89.84210526315789	7.105263157894737	0.2631578947368421	106.78947368421052	8.578947368421053	27.210526315789473		0.47368421052631576	
Heliopora	970.0	555.0	208.0	337.0	21.0	64.0	38.0	99.0	4.0	2.0	13.0	7.0	9.0	5.0	4.0	12.0			64.0	6.0	4.0		99.0	1.0	1.0	13.0		8.0	4.0		4.0	12.0				46.0					1.0	1.0	10.0				6.0	4.0		4.0		11.0			
Dipsastraea	994.0	765.0	440.0	324.0	132.0	25.0	48.0	31.0	20.0		121.0	32.0	127.0	29.0	86.0				25.0		129.0		31.0	20.0		121.0	7.0	108.0		36.0	50.0					21.0					20.0		94.0			7.0	99.0			50.0					
Platygyra	954.25	740.75	320.5	414.5	75.0	58.0	85.5	24.75	2.0	1.0	94.5	54.5	73.0	11.0	67.5	183.75			58.0	1.0	26.0		24.75		1.0	94.5	12.0	54.5	4.5	2.5	65.0	183.75				56.5						1.0	76.25			11.25	43.0	4.5	0.25	65.0	55.5	128.25			
Echinophyllia	986.5	795.0	359.75	420.0	67.25	16.5	303.25	10.25	3.0	0.75	7.25	214.75	120.75	6.25	36.25	4.75			16.5	5.5	6.0	287.5	10.25	0.5	0.75	7.25	209.75	8.5	6.0	22.5	13.75	4.75				12.5		249.25			0.5	0.75	6.5			209.75	5.25	6.0		13.75	0.5	2.75			
Pachyseris	985.625	780.75	346.625	410.25	34.5	58.375	68.25	30.625	2.625	7.75	135.625	98.375	150.25	16.875	108.875	21.25			58.375	7.5	6.875	31.25	30.625	0.875	4.875	135.625	0.5	122.125	14.625	4.625	104.25	21.25				46.5		0.25			0.625	4.875	109.375			0.25	103.625	14.625		104.25	1.875	19.0			
Cyphastrea	841.2	722.4	403.4	315.0	21.4	35.6	235.0	1.8	2.4	6.8	77.2	0.4	91.2	136.8	66.6	0.2			35.6	2.4	2.6	234.0	1.8		2.4	77.2		71.2	136.0	1.8	64.8	0.2				18.6		199.4				2.4	66.4				53.0	136.0	0.2	64.8		0.2			
Seriatopora	986.5	879.5	329.0	547.5	36.5	13.0	53.5	7.0	2.0	9.0	88.0	1.5	244.0	2.0	266.5	20.5			13.0		24.0		7.0		6.0	88.0		198.0			266.5	20.5				10.5						6.0	54.5				129.0			266.5		20.5			
