host_genus	D_0__Bacteria	D_0__Bacteria;D_1__Bacteroidetes	D_0__Bacteria;D_1__Proteobacteria	D_0__Bacteria;__	D_0__Bacteria;D_1__Bacteroidetes;D_2__Bacteroidia	D_0__Bacteria;D_1__Proteobacteria;D_2__Alphaproteobacteria	D_0__Bacteria;D_1__Proteobacteria;D_2__Deltaproteobacteria	D_0__Bacteria;D_1__Proteobacteria;D_2__Gammaproteobacteria	D_0__Bacteria;__;__	D_0__Archaea;D_1__Thaumarchaeota;D_2__Nitrososphaeria;D_3__Nitrosopumilales	D_0__Bacteria;D_1__Bacteroidetes;D_2__Bacteroidia;D_3__Bacteroidales	D_0__Bacteria;D_1__Bacteroidetes;D_2__Bacteroidia;D_3__Cytophagales	D_0__Bacteria;D_1__Bacteroidetes;D_2__Bacteroidia;D_3__Flavobacteriales	D_0__Bacteria;D_1__Cyanobacteria;D_2__Oxyphotobacteria;D_3__Synechococcales	D_0__Bacteria;D_1__Firmicutes;D_2__Clostridia;D_3__Clostridiales	D_0__Bacteria;D_1__Proteobacteria;D_2__Alphaproteobacteria;D_3__Rhizobiales	D_0__Bacteria;D_1__Proteobacteria;D_2__Alphaproteobacteria;D_3__Rhodobacterales	D_0__Bacteria;D_1__Proteobacteria;D_2__Alphaproteobacteria;D_3__Rhodospirillales	D_0__Bacteria;D_1__Proteobacteria;D_2__Alphaproteobacteria;D_3__Rickettsiales	D_0__Bacteria;D_1__Proteobacteria;D_2__Alphaproteobacteria;D_3__Sphingomonadales	D_0__Bacteria;D_1__Proteobacteria;D_2__Gammaproteobacteria;D_3__Betaproteobacteriales	D_0__Bacteria;D_1__Proteobacteria;D_2__Gammaproteobacteria;D_3__Cellvibrionales	D_0__Bacteria;D_1__Proteobacteria;D_2__Gammaproteobacteria;D_3__Oceanospirillales	D_0__Bacteria;D_1__Proteobacteria;D_2__Gammaproteobacteria;D_3__Pseudomonadales	D_0__Bacteria;D_1__Proteobacteria;D_2__Gammaproteobacteria;D_3__Vibrionales	D_0__Bacteria;D_1__Proteobacteria;D_2__Gammaproteobacteria;__	D_0__Bacteria;D_1__Spirochaetes;D_2__Spirochaetia;D_3__Spirochaetales	D_0__Bacteria;D_1__Tenericutes;D_2__Mollicutes;D_3__Mycoplasmatales	D_0__Bacteria;__;__;__	D_0__Archaea;D_1__Thaumarchaeota;D_2__Nitrososphaeria;D_3__Nitrosopumilales;D_4__Nitrosopumilaceae	D_0__Bacteria;D_1__Bacteroidetes;D_2__Bacteroidia;D_3__Bacteroidales;D_4__Rikenellaceae	D_0__Bacteria;D_1__Bacteroidetes;D_2__Bacteroidia;D_3__Cytophagales;D_4__Amoebophilaceae	D_0__Bacteria;D_1__Bacteroidetes;D_2__Bacteroidia;D_3__Flavobacteriales;D_4__Flavobacteriaceae	D_0__Bacteria;D_1__Bacteroidetes;D_2__Chlorobia;D_3__Chlorobiales;D_4__Chlorobiaceae	D_0__Bacteria;D_1__Cyanobacteria;D_2__Oxyphotobacteria;D_3__Synechococcales;D_4__Cyanobiaceae	D_0__Bacteria;D_1__Proteobacteria;D_2__Alphaproteobacteria;D_3__Rhizobiales;D_4__Rhizobiaceae	D_0__Bacteria;D_1__Proteobacteria;D_2__Alphaproteobacteria;D_3__Rhizobiales;D_4__Stappiaceae	D_0__Bacteria;D_1__Proteobacteria;D_2__Alphaproteobacteria;D_3__Rhizobiales;__	D_0__Bacteria;D_1__Proteobacteria;D_2__Alphaproteobacteria;D_3__Rhodobacterales;D_4__Rhodobacteraceae	D_0__Bacteria;D_1__Proteobacteria;D_2__Alphaproteobacteria;D_3__Rhodospirillales;D_4__Terasakiellaceae	D_0__Bacteria;D_1__Proteobacteria;D_2__Alphaproteobacteria;D_3__Rickettsiales;D_4__Midichloriaceae	D_0__Bacteria;D_1__Proteobacteria;D_2__Alphaproteobacteria;D_3__Sphingomonadales;D_4__Sphingomonadaceae	D_0__Bacteria;D_1__Proteobacteria;D_2__Alphaproteobacteria;__;__	D_0__Bacteria;D_1__Proteobacteria;D_2__Gammaproteobacteria;D_3__Betaproteobacteriales;D_4__Burkholderiaceae	D_0__Bacteria;D_1__Proteobacteria;D_2__Gammaproteobacteria;D_3__Betaproteobacteriales;__	D_0__Bacteria;D_1__Proteobacteria;D_2__Gammaproteobacteria;D_3__Cellvibrionales;D_4__Spongiibacteraceae	D_0__Bacteria;D_1__Proteobacteria;D_2__Gammaproteobacteria;D_3__Oceanospirillales;D_4__Endozoicomonadaceae	D_0__Bacteria;D_1__Proteobacteria;D_2__Gammaproteobacteria;D_3__Pseudomonadales;D_4__Pseudomonadaceae	D_0__Bacteria;D_1__Proteobacteria;D_2__Gammaproteobacteria;D_3__Vibrionales;D_4__Vibrionaceae	D_0__Bacteria;D_1__Proteobacteria;D_2__Gammaproteobacteria;__;__	D_0__Bacteria;D_1__Spirochaetes;D_2__Spirochaetia;D_3__Spirochaetales;D_4__Spirochaetaceae	D_0__Bacteria;D_1__Tenericutes;D_2__Mollicutes;D_3__Mycoplasmatales;D_4__Mycoplasmataceae	D_0__Bacteria;__;__;__;__	D_0__Archaea;D_1__Thaumarchaeota;D_2__Nitrososphaeria;D_3__Nitrosopumilales;D_4__Nitrosopumilaceae;D_5__Candidatus Nitrosopumilus	D_0__Bacteria;D_1__Bacteroidetes;D_2__Bacteroidia;D_3__Bacteroidales;D_4__Bacteroidetes vadinHA17;D_5__uncultured bacterium	D_0__Bacteria;D_1__Bacteroidetes;D_2__Bacteroidia;D_3__Bacteroidales;D_4__Rikenellaceae;D_5__Rikenellaceae RC9 gut group	D_0__Bacteria;D_1__Bacteroidetes;D_2__Chlorobia;D_3__Chlorobiales;D_4__Chlorobiaceae;D_5__Prosthecochloris	D_0__Bacteria;D_1__Cyanobacteria;D_2__Oxyphotobacteria;D_3__Synechococcales;D_4__Cyanobiaceae;D_5__Synechococcus CC9902	D_0__Bacteria;D_1__Cyanobacteria;__;__;__;__	D_0__Bacteria;D_1__Proteobacteria;D_2__Alphaproteobacteria;D_3__Rhizobiales;D_4__Rhizobiaceae;__	D_0__Bacteria;D_1__Proteobacteria;D_2__Alphaproteobacteria;D_3__Rhizobiales;D_4__Stappiaceae;D_5__Pseudovibrio	D_0__Bacteria;D_1__Proteobacteria;D_2__Alphaproteobacteria;D_3__Rhizobiales;D_4__Stappiaceae;__	D_0__Bacteria;D_1__Proteobacteria;D_2__Alphaproteobacteria;D_3__Rhizobiales;__;__	D_0__Bacteria;D_1__Proteobacteria;D_2__Alphaproteobacteria;D_3__Rhodobacterales;D_4__Rhodobacteraceae;D_5__Ruegeria	D_0__Bacteria;D_1__Proteobacteria;D_2__Alphaproteobacteria;D_3__Rhodobacterales;D_4__Rhodobacteraceae;__	D_0__Bacteria;D_1__Proteobacteria;D_2__Alphaproteobacteria;D_3__Rhodospirillales;D_4__Terasakiellaceae;D_5__uncultured	D_0__Bacteria;D_1__Proteobacteria;D_2__Alphaproteobacteria;D_3__Rickettsiales;D_4__Midichloriaceae;D_5__MD3-55	D_0__Bacteria;D_1__Proteobacteria;D_2__Alphaproteobacteria;D_3__Sphingomonadales;D_4__Sphingomonadaceae;D_5__Sphingobium	D_0__Bacteria;D_1__Proteobacteria;D_2__Alphaproteobacteria;D_3__Sphingomonadales;D_4__Sphingomonadaceae;__	D_0__Bacteria;D_1__Proteobacteria;D_2__Alphaproteobacteria;__;__;__	D_0__Bacteria;D_1__Proteobacteria;D_2__Deltaproteobacteria;D_3__Desulfobacterales;D_4__Desulfobacteraceae;D_5__Desulfobacter	D_0__Bacteria;D_1__Proteobacteria;D_2__Gammaproteobacteria;D_3__Alteromonadales;D_4__Pseudoalteromonadaceae;D_5__Pseudoalteromonas	D_0__Bacteria;D_1__Proteobacteria;D_2__Gammaproteobacteria;D_3__Betaproteobacteriales;D_4__Burkholderiaceae;D_5__Aquabacterium	D_0__Bacteria;D_1__Proteobacteria;D_2__Gammaproteobacteria;D_3__Betaproteobacteriales;__;__	D_0__Bacteria;D_1__Proteobacteria;D_2__Gammaproteobacteria;D_3__Cellvibrionales;D_4__Spongiibacteraceae;D_5__BD1-7 clade	D_0__Bacteria;D_1__Proteobacteria;D_2__Gammaproteobacteria;D_3__Oceanospirillales;D_4__Endozoicomonadaceae;D_5__Endozoicomonas	D_0__Bacteria;D_1__Proteobacteria;D_2__Gammaproteobacteria;D_3__Pseudomonadales;D_4__Pseudomonadaceae;D_5__Pseudomonas	D_0__Bacteria;D_1__Proteobacteria;D_2__Gammaproteobacteria;D_3__Vibrionales;D_4__Vibrionaceae;D_5__Vibrio	D_0__Bacteria;D_1__Proteobacteria;D_2__Gammaproteobacteria;__;__;__	D_0__Bacteria;D_1__Spirochaetes;D_2__Spirochaetia;D_3__Spirochaetales;D_4__Spirochaetaceae;D_5__Spirochaeta 2	D_0__Bacteria;D_1__Tenericutes;D_2__Mollicutes;D_3__Mycoplasmatales;D_4__Mycoplasmataceae;D_5__Mycoplasma	D_0__Bacteria;__;__;__;__;__
Lobophyllia	944.4705882352941	139.5686274509804	548.9411764705883		133.19607843137254	214.5686274509804	28.666666666666668	304.7843137254902		34.86274509803921	8.352941176470589	79.6470588235294	37.470588235294116	18.745098039215687	16.745098039215687	50.588235294117645	24.568627450980394	3.6470588235294117	1.5294117647058822	52.96078431372549	104.92156862745098	2.411764705882353	74.74509803921569	45.8235294117647	8.07843137254902		7.627450980392157	0.09803921568627451		34.86274509803921	0.13725490196078433	56.11764705882353	23.235294117647058	4.647058823529412	18.705882352941178	3.549019607843137	23.372549019607842		24.568627450980394	0.0784313725490196	0.45098039215686275	52.96078431372549		50.23529411764706		0.19607843137254902	73.98039215686275	40.27450980392157	8.07843137254902		7.627450980392157	0.09803921568627451		23.62		0.06	4.62	15.54			0.04			6.7		0.02	0.44	42.3				0.68	38.12		0.14	75.46	41.08	5.92		4.38	0.1	
Alveopora	938.7142857142857	108.14285714285714	689.4285714285714		107.42857142857143	244.57142857142858	39.285714285714285	393.2857142857143		15.285714285714286	3.4285714285714284	44.57142857142857	51.57142857142857	0.7142857142857143	4.0	43.857142857142854	28.285714285714285	1.0	0.8571428571428571	113.57142857142857	95.0	2.857142857142857	189.71428571428572	65.71428571428571	13.285714285714286		2.2857142857142856	9.571428571428571		15.285714285714286		25.285714285714285	48.142857142857146		0.7142857142857143	16.142857142857142	6.857142857142857		28.285714285714285	0.8571428571428571		113.57142857142857		83.14285714285714		1.5714285714285714	189.14285714285714	62.57142857142857	13.285714285714286		2.2857142857142856	9.571428571428571		13.857142857142858				0.7142857142857143						10.0		0.8571428571428571		91.14285714285714				0.2857142857142857	75.85714285714286		1.2857142857142858	189.14285714285714	62.57142857142857	11.714285714285714		2.2857142857142856	9.571428571428571	
Favites	964.0952380952381	194.9047619047619	611.6666666666666		191.61904761904762	434.14285714285717	19.285714285714285	143.42857142857142		10.476190476190476	10.047619047619047	103.52380952380952	72.33333333333333	3.2857142857142856	17.80952380952381	51.23809523809524	12.0	278.5238095238095	0.19047619047619047	37.142857142857146	52.04761904761905	6.380952380952381	15.095238095238095	34.904761904761905	2.6666666666666665		10.952380952380953	0.14285714285714285		10.476190476190476		57.38095238095238	65.9047619047619	1.3333333333333333	3.2857142857142856	1.4285714285714286	1.2857142857142858		12.0	276.42857142857144	0.09523809523809523	37.142857142857146		28.714285714285715		3.2857142857142856	14.666666666666666	32.333333333333336	2.6666666666666665		10.952380952380953	0.14285714285714285		6.238095238095238			1.1428571428571428	2.7142857142857144						2.8095238095238093		276.42857142857144		27.666666666666668			0.09523809523809523	0.14285714285714285	24.095238095238095		3.2857142857142856	14.666666666666666	32.333333333333336	0.9047619047619048		8.476190476190476	0.14285714285714285	
Aurelia	998.5	14.0	666.0		14.0	221.5	1.0	443.5			13.5					12.0		0.5		90.0	242.0			201.5				250.0												0.5		90.0		205.0				201.5				250.0																71.0					169.5				201.5				250.0	
Orbicella	930.1904761904761	134.28571428571428	465.8095238095238		130.28571428571428	185.85714285714286	9.285714285714286	270.57142857142856		3.9047619047619047	24.095238095238095	85.71428571428571	15.476190476190476	3.5714285714285716	154.04761904761904	18.333333333333332	2.9047619047619047	12.714285714285714	1.1428571428571428	91.52380952380952	133.66666666666666	0.23809523809523808	10.857142857142858	109.66666666666667	0.9523809523809523		20.476190476190474			3.9047619047619047	5.857142857142857	26.61904761904762	13.476190476190476		3.5714285714285716	0.9523809523809523	0.47619047619047616		2.9047619047619047	12.571428571428571		91.52380952380952		110.57142857142857			10.80952380952381	105.52380952380952	0.9523809523809523		20.476190476190474			1.3333333333333333				3.0952380952380953			0.047619047619047616			0.5714285714285714		12.571428571428571		77.0					94.28571428571429			10.80952380952381	105.52380952380952	0.3333333333333333		15.476190476190476		
Lithophyllon	977.0	135.0	653.0		134.0	291.0	33.0	329.0		23.0		27.0	91.0	65.0	6.0	20.0	20.0	6.0		140.0	137.0			47.0						23.0			52.0		65.0	3.0	6.0		20.0	4.0		140.0		97.0				46.0						8.0				36.0			6.0			15.0		4.0		122.0					67.0				46.0					
Acropora	988.8709677419355	38.29032258064516	829.5		37.70967741935484	353.8709677419355	5.741935483870968	469.5967741935484		4.967741935483871	11.080645161290322	14.048387096774194	11.306451612903226	9.241935483870968	13.629032258064516	20.048387096774192	5.532258064516129	1.4838709677419355	0.6935483870967742	192.61290322580646	199.43548387096774	0.8870967741935484	60.064516129032256	185.98387096774192	7.741935483870968		1.1451612903225807			4.967741935483871	0.03225806451612903	12.419354838709678	6.790322580645161		9.241935483870968	1.532258064516129	0.4032258064516129		5.532258064516129	0.2903225806451613	0.0967741935483871	192.61290322580646		160.2258064516129		0.03225806451612903	59.096774193548384	178.5483870967742	7.741935483870968		1.1451612903225807			3.129032258064516				7.338709677419355						0.6774193548387096		0.2903225806451613	0.0967741935483871	160.43548387096774			1.6935483870967742	0.25806451612903225	134.56451612903226		0.016129032258064516	59.096774193548384	178.5483870967742	5.629032258064516		0.8387096774193549		
Pectinia	997.0	4.0	982.5		4.0	569.5		413.0		2.5			4.0	4.0				3.5	0.5	556.5	5.5		88.5	235.0						2.5			4.0		4.0							556.5		4.0				234.5										3.0										8.0				22.5	2.5				234.5					
Herpolitha	930.0	34.0	440.0		34.0	179.0		261.0			12.0	12.0	10.0	38.0	72.0	30.0	5.0			58.0	95.0		23.0	103.0	4.0		213.0								38.0	1.0			5.0			58.0		81.0			12.0	85.0	4.0		213.0							31.0										52.0					48.0			12.0	85.0	3.0		213.0		
Podabacia	972.0	235.66666666666666	473.5		233.33333333333334	113.5	5.5	353.6666666666667		0.8333333333333334	26.0	6.833333333333333	112.66666666666667	38.5	42.0	9.333333333333334	9.333333333333334	7.833333333333333	1.3333333333333333	32.166666666666664	38.333333333333336	1.0	25.666666666666668	35.833333333333336	11.333333333333334		0.8333333333333334	1.6666666666666667		0.8333333333333334	0.8333333333333334	1.5	32.666666666666664	1.1666666666666667	38.5	2.8333333333333335	3.0		9.333333333333334		0.3333333333333333	32.166666666666664		28.666666666666668		0.16666666666666666	25.333333333333332	31.5	11.333333333333334		0.8333333333333334	1.6666666666666667		0.3333333333333333			1.1666666666666667	36.833333333333336						3.1666666666666665			0.3333333333333333	26.833333333333332				0.5	22.5		0.16666666666666666	25.333333333333332	31.5	3.5		0.16666666666666666	1.3333333333333333	
Gardineroseris	930.5	213.625	467.125		129.75	273.25	38.0	155.125		31.5	2.125	62.125	48.375	3.625	20.25	94.0	48.625	3.75	0.75	37.375	30.125	9.5	3.375	29.25	1.625		9.25			31.5		15.125	43.375	78.875	3.625	25.875	0.375		48.625	0.75		37.375		22.875		1.75	0.875	23.375	1.625		9.25			28.75			78.875	2.25						13.75		0.5		25.875					15.75		1.75	0.875	23.375	0.375		4.125		
Merulina	994.5	201.33333333333334	740.1666666666666		201.33333333333334	364.8333333333333	60.0	293.8333333333333		0.16666666666666666	0.3333333333333333	3.3333333333333335	197.16666666666666	2.3333333333333335	5.333333333333333	103.33333333333333	9.833333333333334	37.833333333333336	41.5	80.5	120.0	2.0	4.166666666666667	113.66666666666667	1.6666666666666667		0.5			0.16666666666666666	0.16666666666666666	2.0	169.66666666666666		2.3333333333333335	1.0	52.833333333333336		9.833333333333334	32.833333333333336	0.3333333333333333	80.5		99.66666666666667			4.0	113.33333333333333	1.6666666666666667		0.5			0.16666666666666666				2.3333333333333335								32.833333333333336	0.16666666666666666	60.0				0.3333333333333333	88.5			4.0	113.33333333333333	0.8333333333333334				
Leptoria	964.5	54.5	528.8333333333334		50.833333333333336	287.8333333333333	13.666666666666666	227.0		20.666666666666668	24.833333333333332	11.0	10.166666666666666	3.3333333333333335	142.66666666666666	87.5	21.833333333333332	1.5		107.16666666666667	98.33333333333333	1.0	0.5	94.16666666666667			1.3333333333333333	0.3333333333333333		20.666666666666668		6.0	9.833333333333334	2.6666666666666665	3.3333333333333335	44.0			21.833333333333332	1.1666666666666667		107.16666666666667		83.0		0.16666666666666666	0.16666666666666666	93.83333333333333			1.3333333333333333	0.3333333333333333		8.5			2.6666666666666665	1.6666666666666667						2.8333333333333335		1.1666666666666667		92.83333333333333					59.833333333333336			0.16666666666666666	93.83333333333333			1.1666666666666667		
Sarcophyton	953.0	39.0	650.3333333333334		33.0	205.33333333333334	14.333333333333334	430.3333333333333		35.666666666666664	12.0	6.0	12.666666666666666	2.6666666666666665	18.0	39.666666666666664	19.333333333333332	5.666666666666667	13.333333333333334	81.66666666666667	76.66666666666667	0.3333333333333333	0.6666666666666666	97.0	0.6666666666666666		2.6666666666666665	0.3333333333333333		35.666666666666664		2.6666666666666665	12.333333333333334		2.6666666666666665	11.0	1.0		19.333333333333332		9.0	81.66666666666667		68.66666666666667			0.3333333333333333	96.33333333333333	0.6666666666666666		2.6666666666666665	0.3333333333333333		29.0				1.3333333333333333						7.666666666666667			9.0	63.666666666666664				0.3333333333333333	58.666666666666664			0.3333333333333333	96.33333333333333	0.6666666666666666		2.3333333333333335		
Acanthastrea	967.5	52.785714285714285	647.5		35.42857142857143	402.5	23.571428571428573	221.21428571428572		19.928571428571427	13.357142857142858	15.714285714285714	4.071428571428571	1.2142857142857142	27.357142857142858	203.14285714285714	23.0	1.1428571428571428	0.2857142857142857	93.78571428571429	96.78571428571429	0.5714285714285714	4.0	83.57142857142857	0.2857142857142857		5.571428571428571			19.928571428571427		2.9285714285714284	3.4285714285714284	15.857142857142858	1.2142857142857142	12.428571428571429	143.35714285714286		23.0	0.2857142857142857	0.21428571428571427	93.78571428571429		79.78571428571429		0.07142857142857142	3.4285714285714284	80.21428571428571	0.2857142857142857		5.571428571428571			6.642857142857143			15.857142857142858	0.5			127.28571428571429			7.285714285714286		0.2857142857142857	0.21428571428571427	72.71428571428571					63.714285714285715		0.07142857142857142	3.4285714285714284	80.21428571428571	0.2857142857142857		2.2857142857142856		
Goniopora	945.625	59.125	664.5		55.875	266.0	3.125	395.25		11.375	39.25	4.5	6.25	7.25	22.25	71.25	11.875	1.75	0.375	100.625	135.625		37.625	187.875	1.375					11.375	1.75	0.375	3.75	2.125	7.25	49.0	3.75		11.875	1.25	0.25	100.625		109.875			37.375	128.0	1.375					5.875			2.125	6.125						1.125		1.25	0.25	75.5					91.75			37.375	128.0	0.5				
Dendrophyllia	916.3333333333334	111.33333333333333	505.1666666666667		108.16666666666667	304.8333333333333	26.5	173.66666666666666		74.83333333333333	22.833333333333332	28.666666666666668	22.333333333333332	1.8333333333333333	10.833333333333334	26.5	198.83333333333334	4.166666666666667	0.5	10.833333333333334	25.5	0.8333333333333334	16.333333333333332	38.5	7.333333333333333		0.3333333333333333			74.83333333333333		2.5	18.5		1.8333333333333333	3.5	3.0		198.83333333333334	1.3333333333333333		10.833333333333334		13.333333333333334			13.666666666666666	36.833333333333336	7.333333333333333		0.3333333333333333			66.0							1.0			75.66666666666667		1.3333333333333333		9.666666666666666				1.1666666666666667	11.333333333333334			13.666666666666666	36.833333333333336	4.833333333333333		0.3333333333333333		
Galaxea	942.2325581395348	121.18604651162791	526.3488372093024		116.86046511627907	271.5348837209302	23.906976744186046	224.65116279069767		30.651162790697676	14.511627906976743	59.372093023255815	33.372093023255815	20.25581395348837	16.162790697674417	58.7906976744186	25.627906976744185	4.372093023255814	2.6744186046511627	45.95348837209303	52.55813953488372	5.395348837209302	32.93023255813954	43.81395348837209	16.186046511627907		14.093023255813954	0.3023255813953488		30.651162790697676	0.8372093023255814	32.674418604651166	22.186046511627907	1.3953488372093024	20.232558139534884	7.209302325581396	17.767441860465116		25.627906976744185	0.6046511627906976	0.09302325581395349	45.95348837209303		44.395348837209305		0.4418604651162791	27.86046511627907	42.46511627906977	16.186046511627907		14.093023255813954	0.3023255813953488		20.69047619047619		0.16666666666666666	1.4047619047619047	15.571428571428571			14.761904761904763			7.214285714285714		0.42857142857142855	0.047619047619047616	34.166666666666664			0.07142857142857142	0.23809523809523808	36.023809523809526		0.40476190476190477	28.523809523809526	43.476190476190474	12.380952380952381		6.880952380952381	0.2857142857142857	
Montastraea	997.6666666666666	28.77777777777778	856.0		28.77777777777778	382.55555555555554		473.44444444444446		0.5555555555555556	28.333333333333332	0.1111111111111111	0.1111111111111111		10.444444444444445	59.0	3.0		0.3333333333333333	206.22222222222223	225.44444444444446		4.0	233.22222222222223	0.1111111111111111					0.5555555555555556	0.2222222222222222	0.1111111111111111				4.444444444444445	0.1111111111111111		3.0		0.3333333333333333	206.22222222222223		190.33333333333334				225.77777777777777	0.1111111111111111																		0.3333333333333333	177.0					150.66666666666666				225.77777777777777	0.1111111111111111				
Aiptasia	949.0	148.0	484.5		145.0	214.5	62.5	206.0		16.5	14.0	32.5	54.5	40.5	8.5	42.0	99.5	9.0		17.5	72.0	7.5	1.5	38.0	2.5		14.5			16.5		2.0	36.0		40.5	13.0	8.0		99.5	8.0		17.5		66.5				37.0	2.5		14.5			16.5				25.0			1.5			41.0		7.0		14.0			0.5		52.0				37.0	2.5		14.5		
Montipora	984.9333333333333	83.8	758.8		36.53333333333333	289.06666666666666	99.46666666666667	369.73333333333335		0.4	8.933333333333334	4.933333333333334	21.466666666666665	18.6	11.0	63.266666666666666	13.8	2.3333333333333335	0.26666666666666666	128.73333333333332	146.53333333333333	1.6	0.26666666666666666	145.66666666666666	2.1333333333333333		0.6666666666666666			0.4	0.5333333333333333	1.2666666666666666	18.0	47.06666666666667	18.6	3.0	35.4		13.8	0.4		128.73333333333332		120.06666666666666			0.26666666666666666	134.46666666666667	2.1333333333333333		0.6666666666666666			0.3333333333333333			47.06666666666667	12.266666666666667						3.2666666666666666		0.4		106.73333333333333				0.4	99.26666666666667			0.26666666666666666	134.46666666666667	1.4		0.26666666666666666		
Fungid	949.9047619047619	124.0	532.6190476190476		122.80952380952381	188.23809523809524	14.80952380952381	324.8095238095238		5.45	10.7	16.3	94.15	8.6	63.35	16.75	39.8	13.95	0.75	42.65	57.05	2.8	40.0	50.9	8.8		64.95			5.45	1.05	8.85	30.7		8.6	2.55	2.95		39.8	13.1	0.6	42.65		47.85			31.2	45.25	8.8		64.95			3.45		0.05		7.15			0.35			5.0		12.95	0.6	30.6				30.05	37.55			31.2	45.25	2.85		64.55		
Physogyra	945.6	75.2	725.2		67.86666666666666	384.6	10.2	330.26666666666665		32.46666666666667	2.1333333333333333	35.733333333333334	25.533333333333335	7.2	7.733333333333333	72.26666666666667	9.933333333333334	22.866666666666667		142.66666666666666	161.2	2.2	2.6	95.53333333333333	0.7333333333333333		5.066666666666666	0.4666666666666667		32.46666666666667		13.0	23.0	4.466666666666667	7.2	11.733333333333333	1.2		9.933333333333334	17.6		142.66666666666666		117.13333333333334		0.4	2.466666666666667	86.66666666666667	0.7333333333333333		5.066666666666666	0.4666666666666667		18.6			4.133333333333334	6.866666666666666						1.2		17.6		122.6					99.13333333333334		0.4	2.466666666666667	86.66666666666667	0.5333333333333333		4.466666666666667	0.4666666666666667	
Psammocora	950.0	64.92857142857143	493.7142857142857		60.785714285714285	225.92857142857142	26.357142857142858	241.28571428571428		27.928571428571427	2.5714285714285716	22.214285714285715	25.5	8.214285714285714	136.0	34.57142857142857	79.28571428571429	2.5	0.2857142857142857	50.57142857142857	32.07142857142857	5.785714285714286	122.42857142857143	27.214285714285715	9.785714285714286		1.2142857142857142	0.07142857142857142		27.928571428571427		7.928571428571429	20.357142857142858		8.214285714285714	13.142857142857142	1.0		79.28571428571429	0.8571428571428571	0.07142857142857142	50.57142857142857		24.285714285714285		1.3571428571428572	121.57142857142857	26.928571428571427	9.785714285714286		1.2142857142857142	0.07142857142857142		22.071428571428573				5.571428571428571						17.857142857142858		0.21428571428571427	0.07142857142857142	38.357142857142854					21.857142857142858		0.07142857142857142	121.57142857142857	26.928571428571427	8.642857142857142		0.5	0.07142857142857142	
Homophyllia	944.5	106.83333333333333	681.6666666666666		106.0	372.8333333333333	22.333333333333332	286.3333333333333		3.6666666666666665	7.666666666666667	77.83333333333333	10.833333333333334	0.5	22.833333333333332	89.66666666666667	9.0	0.16666666666666666	0.3333333333333333	163.5	138.33333333333334	4.0	14.666666666666666	102.5	3.0		4.666666666666667			3.6666666666666665		53.0	10.333333333333334		0.5	11.333333333333334	3.0		9.0	0.16666666666666666		163.5		118.16666666666667			14.0	91.33333333333333	3.0		4.666666666666667			3.6666666666666665				0.5			2.8333333333333335			0.3333333333333333		0.16666666666666666		134.33333333333334				2.8333333333333335	84.83333333333333			14.0	91.33333333333333	3.0		3.6666666666666665		
Astrea	855.0	78.85714285714286	715.0		76.57142857142857	423.57142857142856	2.7142857142857144	287.57142857142856		9.428571428571429	1.5714285714285714	6.571428571428571	68.0		1.5714285714285714	11.571428571428571	48.714285714285715	236.57142857142858		65.85714285714286	101.28571428571429		129.85714285714286	51.0	1.5714285714285714		5.714285714285714			9.428571428571429		2.7142857142857144	65.71428571428571	1.4285714285714286		0.5714285714285714			48.714285714285715	236.57142857142858		65.85714285714286		78.14285714285714			129.71428571428572	49.0	1.5714285714285714		5.714285714285714			3.4285714285714284			1.4285714285714286							45.57142857142857		236.57142857142858		56.57142857142857					68.28571428571429			129.71428571428572	49.0	1.5714285714285714		5.142857142857143		
Stylophora	980.12	165.28	686.24		164.6	197.2	3.44	485.44		0.12	20.32	125.76	14.32	19.36	13.68	42.48	11.64	1.16	0.8	73.68	94.32	0.36	268.8	101.2	1.96		3.12			0.12	1.28	79.76	10.0	0.32	19.36	31.8	0.88		11.64	0.44		73.68		78.56			267.8	93.04	1.96		3.12			0.08		0.16	0.32	15.08						0.64		0.44		58.36			0.04	0.2	64.68			267.8	93.04	1.68		3.12		
Millepora	982.3684210526316	146.6315789473684	619.578947368421		145.78947368421052	324.2105263157895	13.736842105263158	281.1578947368421		5.315789473684211	7.368421052631579	107.0	25.57894736842105	1.631578947368421	30.473684210526315	92.36842105263158	13.31578947368421	23.57894736842105		71.10526315789474	79.84210526315789	13.368421052631579	7.7894736842105265	62.421052631578945	3.3157894736842106		31.736842105263158	0.3157894736842105		5.315789473684211	0.05263157894736842	39.94736842105263	25.210526315789473		1.631578947368421	2.9473684210526314	0.10526315789473684		13.31578947368421	0.05263157894736842		71.10526315789474		63.421052631578945			7.631578947368421	58.36842105263158	3.3157894736842106		31.736842105263158	0.3157894736842105		2.210526315789474				0.8421052631578947						3.0526315789473686		0.05263157894736842		59.1578947368421				0.05263157894736842	51.578947368421055			7.631578947368421	58.36842105263158	2.1052631578947367		28.263157894736842	0.3157894736842105	
Mycedium	999.0	53.0	770.0		53.0	441.6666666666667	0.3333333333333333	328.0		0.3333333333333333	4.0	12.0	4.333333333333333	14.333333333333334	60.666666666666664	4.0	195.0	1.3333333333333333	0.3333333333333333	138.66666666666666	182.33333333333334		5.333333333333333	121.33333333333333	1.3333333333333333					0.3333333333333333		10.666666666666666	4.333333333333333		14.333333333333334				195.0			138.66666666666666		145.0			5.333333333333333	121.33333333333333	1.3333333333333333					0.3333333333333333				13.666666666666666										116.0					123.33333333333333			5.333333333333333	121.33333333333333	1.3333333333333333				
Stylaster	924.25	42.5	744.25		42.25	170.25	5.25	563.0		6.5	1.25	34.25	5.5	7.75	11.0	4.0	122.25	16.0	0.75	7.25	7.75	413.75	102.25	9.0	7.75		9.75	20.25		6.5		12.0	4.5		7.75	1.0			122.25	15.75	0.25	7.25		7.0		356.5	102.25	9.0	7.75		9.75	20.25		2.75				7.25						1.0		15.75	0.25	5.75					5.75		356.5	102.25	9.0	7.75		0.25	20.25	
Coscinaraea	917.4444444444445	113.33333333333333	550.3333333333334		108.77777777777777	121.66666666666667	35.77777777777778	371.77777777777777		50.77777777777778	20.88888888888889	16.0	66.0	15.444444444444445	9.11111111111111	18.88888888888889	12.777777777777779	3.888888888888889	0.4444444444444444	24.22222222222222	70.44444444444444	1.4444444444444444	46.55555555555556	42.888888888888886	1.7777777777777777		6.111111111111111			50.77777777777778	3.888888888888889	7.333333333333333	63.22222222222222	1.8888888888888888	15.444444444444445	1.8888888888888888	0.8888888888888888		12.777777777777779	1.7777777777777777	0.2222222222222222	24.22222222222222		36.333333333333336			46.22222222222222	42.888888888888886	1.7777777777777777		6.111111111111111			21.0		3.888888888888889	1.8888888888888888	13.555555555555555						6.222222222222222		1.6666666666666667	0.2222222222222222	17.666666666666668					30.666666666666668			46.22222222222222	42.888888888888886	0.4444444444444444		4.333333333333333		
Goniastrea	942.5714285714286	168.78571428571428	458.42857142857144		163.14285714285714	204.92857142857142	47.42857142857143	200.21428571428572		41.357142857142854	2.5714285714285716	110.21428571428571	24.285714285714285	2.642857142857143	8.642857142857142	43.0	72.71428571428571	6.142857142857143	1.7142857142857142	8.214285714285714	14.0	4.214285714285714	4.714285714285714	14.857142857142858	11.642857142857142		13.0	4.857142857142857		41.357142857142854	0.2857142857142857	76.92857142857143	17.428571428571427	0.07142857142857142	1.9285714285714286	8.0	7.0		72.71428571428571	2.9285714285714284	1.2857142857142858	8.214285714285714		9.0		0.35714285714285715	3.5	12.714285714285714	11.642857142857142		13.0	4.857142857142857		28.571428571428573			0.07142857142857142	1.5			1.3571428571428572			4.071428571428571		2.7142857142857144	1.2857142857142858	6.142857142857143			0.07142857142857142	72.78571428571429	7.5		0.2857142857142857	3.5	12.714285714285714	5.071428571428571		10.5	4.857142857142857	
Ctenactis	963.0	509.0	286.0		507.0	91.33333333333333	11.333333333333334	183.33333333333334		13.666666666666666	490.3333333333333	1.6666666666666667	10.333333333333334	2.6666666666666665	18.333333333333332	13.0	1.6666666666666667	3.0	1.0	41.0	62.0		14.333333333333334	75.66666666666667	2.3333333333333335		19.333333333333332			13.666666666666666	453.6666666666667		2.0		2.6666666666666665	12.666666666666666			1.6666666666666667	3.0		41.0		50.333333333333336			11.666666666666666	75.66666666666667	2.3333333333333335		19.333333333333332					453.6666666666667		1.6666666666666667								3.0		33.333333333333336				2.0	43.0			11.666666666666666	75.66666666666667	2.3333333333333335		19.0		
Caulastraea	960.6666666666666	144.33333333333334	657.0		142.0	548.3333333333334	14.0	94.33333333333333		7.0		49.333333333333336	23.0	2.0	2.6666666666666665	73.0	9.333333333333334	410.6666666666667	1.6666666666666667	3.0	40.333333333333336	3.3333333333333335	3.0	1.0	1.6666666666666667		2.3333333333333335			7.0		30.666666666666668	19.333333333333332		0.3333333333333333	5.333333333333333			9.333333333333334	325.6666666666667	0.3333333333333333	3.0		0.3333333333333333		0.3333333333333333	2.0	1.0	1.6666666666666667		2.3333333333333335			5.666666666666667										3.3333333333333335		325.6666666666667	0.3333333333333333					1.3333333333333333	0.3333333333333333		0.3333333333333333	2.0	1.0	1.3333333333333333		2.3333333333333335		
Stichodactyla	971.0	73.0	630.0		73.0	189.0		441.0			19.0	54.0			30.0	12.0				91.0	150.0		10.0	196.0																		91.0		103.0			10.0	196.0																				88.0					101.0			10.0	196.0					
Palythoa	952.7142857142857	93.35714285714286	583.0714285714286		90.85714285714286	159.35714285714286	41.142857142857146	381.85714285714283		8.357142857142858	3.642857142857143	26.642857142857142	47.357142857142854	13.928571428571429	3.5	23.0	19.357142857142858	3.0714285714285716	1.2142857142857142	31.571428571428573	33.57142857142857	3.7142857142857144	194.42857142857142	24.142857142857142	71.0		0.9285714285714286	44.357142857142854		8.357142857142858	0.5	18.071428571428573	36.92857142857143		13.857142857142858	5.285714285714286	0.14285714285714285		19.357142857142858	0.35714285714285715	0.35714285714285715	31.571428571428573		23.071428571428573			192.85714285714286	23.785714285714285	71.0		0.9285714285714286	44.357142857142854		4.428571428571429				12.928571428571429						4.357142857142857		0.07142857142857142	0.2857142857142857	25.5				0.5714285714285714	18.642857142857142			192.85714285714286	23.785714285714285	30.214285714285715		0.07142857142857142	44.357142857142854	
Macrorhynchia	999.0	14.0	463.0		14.0	273.0	6.0	183.0			1.0	1.0	11.0	2.0	1.0	14.0	6.0	250.0				8.0	4.0		1.0							1.0	10.0		2.0				6.0	250.0							4.0		1.0									1.0						3.0		250.0										4.0						
Tubastraea	887.76	66.4	492.4		61.6	229.84	17.76	242.96		79.36	10.68	20.64	21.52	17.72	12.08	27.0	18.92	7.76	1.48	32.0	37.32	6.52	17.36	108.96	24.68		10.48	0.24		79.36	0.76	10.56	15.4		16.88	3.92	1.76		18.92	3.44	0.4	32.0		29.44		0.44	11.6	107.56	24.68		10.48	0.24		64.12				15.2			0.24			10.72		3.4	0.4	26.72				0.24	24.76		0.2	11.6	107.56	19.36		9.56	0.12	
Xenia	978.0	6.0	869.5		6.0	167.0	4.5	698.0			5.5	0.5		4.5	5.5	29.5	7.0	3.5		71.0	92.5		302.5	102.5	3.5										4.5	9.0			7.0	3.5		71.0		82.0			302.5	100.0	3.5									3.0						7.0		3.5		62.5					72.0			302.5	100.0	3.5				
Oxypora	836.0	104.0	322.0		76.0	183.0	22.0	117.0		162.0		53.0	11.0	1.0	2.0	71.0	14.0	1.0		5.0	9.0	2.0		2.0	1.0		2.0			162.0		48.0	10.0		1.0				14.0			5.0		8.0				2.0	1.0		2.0			124.0				1.0										4.0					7.0				2.0					
Stephanocoenia	984.6666666666666	63.2	766.9333333333333		61.46666666666667	641.6	28.8	94.26666666666667		9.333333333333334	6.0	25.066666666666666	27.6	2.2	15.066666666666666	4.066666666666666	2.2	2.4	598.7333333333333	15.066666666666666	14.066666666666666	1.1333333333333333	43.333333333333336	13.133333333333333	5.066666666666666		4.4	0.06666666666666667		9.333333333333334		4.066666666666666	4.133333333333334	0.4666666666666667	2.2	1.8	0.06666666666666667		2.2	1.2666666666666666	598.4	15.066666666666666		11.266666666666667			39.2	12.4	5.066666666666666		4.4	0.06666666666666667		6.2			0.4666666666666667	1.1333333333333333						0.3333333333333333		1.1333333333333333	598.3333333333334	11.066666666666666				0.4666666666666667	9.866666666666667			39.2	12.4	2.3333333333333335		3.6666666666666665		
Heteractis	1000.0	1.0	989.0		1.0			989.0				1.0		6.0											989.0			1.0							6.0														989.0			1.0						6.0																				989.0			1.0	
Sinularia	985.5	58.5	648.5		58.5	259.5	13.0	375.0		3.0	8.5	1.0	48.0	114.5	7.0	28.0	26.0	6.5	2.0	95.0	100.0	3.5	81.5	95.5	16.0		25.5			3.0			37.5		114.5	5.0	8.0		26.0	1.0		95.0		70.5			73.5	92.5	16.0		25.5			3.0				112.0						1.5		1.0		78.5				27.5	51.0			73.5	92.5	16.0		25.5		
Hydnophora	964.0	89.55	703.4		83.9	332.2	15.05	355.1		18.25	5.15	29.3	35.25	15.5	14.65	20.75	26.65	187.2	0.8	31.45	72.35	1.5	195.85	43.7	2.9		4.45	0.75		18.25		10.9	22.55	3.85	15.5	5.35	0.25		26.65	185.45	0.25	31.45		31.35		0.15	195.25	32.15	2.9		4.45	0.75		8.45			3.6	12.9						2.2		185.45	0.25	24.5				0.25	24.75		0.15	195.25	32.15	2.3		2.65	0.75	
Plerogyra	927.2727272727273	98.0	493.90909090909093		90.81818181818181	105.18181818181819	28.545454545454547	359.45454545454544		62.0	43.27272727272727	8.0	35.45454545454545	24.727272727272727	8.545454545454545	15.090909090909092	16.0	1.5454545454545454	10.545454545454545	24.636363636363637	26.181818181818183	3.1818181818181817	9.818181818181818	105.54545454545455	5.7272727272727275		2.4545454545454546			62.0		2.090909090909091	24.09090909090909		24.727272727272727	5.454545454545454	1.7272727272727273		16.0	0.45454545454545453	9.363636363636363	24.636363636363637		18.636363636363637			6.818181818181818	104.27272727272727	5.7272727272727275		2.4545454545454546			25.09090909090909				24.545454545454547						5.545454545454546		0.36363636363636365	9.363636363636363	17.454545454545453				1.2727272727272727	15.181818181818182			6.818181818181818	104.27272727272727	5.545454545454546		1.2727272727272727		
Scolymia	933.9166666666666	89.91666666666667	332.6666666666667		79.58333333333333	171.41666666666666	18.666666666666668	142.16666666666666		51.583333333333336	8.083333333333334	36.833333333333336	28.416666666666668	16.083333333333332	12.416666666666666	6.166666666666667	39.583333333333336	45.583333333333336	0.4166666666666667	19.0	34.583333333333336	1.8333333333333333	1.5833333333333333	52.583333333333336	2.0		1.25			51.583333333333336		25.416666666666668	25.416666666666668		16.083333333333332	1.0833333333333333	0.25		39.583333333333336	39.333333333333336	0.4166666666666667	19.0		29.583333333333332		0.08333333333333333	1.0	48.166666666666664	2.0		1.25			25.583333333333332				10.5						1.0		39.166666666666664	0.16666666666666666	13.416666666666666				0.25	27.166666666666668		0.08333333333333333	1.0	48.166666666666664	0.9166666666666666		0.6666666666666666		
Pocillopora	968.8153846153846	156.95384615384614	654.0		156.1076923076923	286.3538461538462	23.753846153846155	343.5076923076923		9.353846153846154	11.923076923076923	107.9076923076923	28.107692307692307	6.861538461538461	15.76923076923077	50.61538461538461	27.29230769230769	2.6769230769230767	1.2	103.86153846153846	115.07692307692308	0.9538461538461539	84.04615384615384	105.24615384615385	21.246153846153845		5.230769230769231			9.353846153846154	0.6	73.84615384615384	24.553846153846155	0.03076923076923077	6.861538461538461	16.83076923076923	0.6307692307692307		27.29230769230769	0.4	0.2923076923076923	103.86153846153846		92.29230769230769		0.015384615384615385	83.23076923076923	99.35384615384615	21.246153846153845		5.230769230769231			4.015384615384615			0.015384615384615385	5.107692307692307			0.03076923076923077			5.953846153846154		0.38461538461538464	0.2923076923076923	82.66153846153846			0.09230769230769231	0.2	76.84615384615384			83.23076923076923	99.35384615384615	7.2		4.892307692307693		
Rhodactis	994.0	71.5	662.5		69.0	459.0	35.0	168.0		3.5	1.0	12.5	10.5	5.5	12.0	284.5	49.5	2.5	0.5	57.5	50.5	11.0	2.0	53.5	1.5					3.5		2.5	8.5		5.5	12.0	2.5		49.5	1.0	0.5	57.5		48.5			1.5	42.5	1.5					2.0				5.0						26.0			0.5	54.0					38.0			1.5	42.5					
Pseudosiderastrea	970.6666666666666	43.666666666666664	617.0		42.5	242.16666666666666	13.333333333333334	356.5		17.166666666666668	20.166666666666668	6.166666666666667	5.166666666666667	2.3333333333333335	19.5	57.0	18.166666666666668	1.1666666666666667		102.83333333333333	103.33333333333333	0.5	10.666666666666666	72.66666666666667	0.16666666666666666		1.3333333333333333			17.166666666666668	9.666666666666666	1.3333333333333333	4.333333333333333		2.1666666666666665	8.166666666666666	28.0		18.166666666666668			102.83333333333333		85.5			10.666666666666666	72.16666666666667	0.16666666666666666		1.3333333333333333			8.166666666666666		9.666666666666666		2.1666666666666665						8.666666666666666				78.5					71.16666666666667			10.666666666666666	72.16666666666667	0.16666666666666666		0.6666666666666666		
Eguchipsammia	931.8	49.8	590.8		49.6	327.4	40.2	222.8		51.0	6.0	14.4	15.8		7.4	59.6	133.2	8.4	0.6	44.2	43.4	8.0	9.0	39.2	52.0		1.2			51.0		4.2	14.8			20.0	1.2		133.2	8.0		44.2		31.2		5.4	2.4	37.6	52.0		1.2			43.8										77.2		0.6		39.2				1.6	24.0			2.4	37.6	12.2		1.2		
Isopora	981.8	89.8	664.4		84.6	357.7	31.5	274.9		8.4	11.1	42.1	21.6	18.0	10.2	53.3	52.3	11.4	0.1	83.8	122.0	5.0	27.8	69.1	16.4		23.1	0.2		8.4	0.6	14.4	18.2	1.4	18.0	11.0	1.4		52.3	3.2		83.8		100.5		3.2	26.3	60.0	16.4		23.1	0.2		5.9		0.4	1.4	15.9						6.0		3.1		64.9				0.6	83.0		0.7	26.3	60.0	8.1		1.4	0.2	
Danafungia	993.3333333333334	38.666666666666664	521.0		38.333333333333336	251.66666666666666	6.0	262.6666666666667		0.3333333333333333	27.0	1.6666666666666667	6.333333333333333	10.0	175.66666666666666	8.666666666666666	2.3333333333333335	27.666666666666668		137.0	134.33333333333334	0.3333333333333333	9.0	94.66666666666667	12.666666666666666		180.66666666666666			0.3333333333333333			3.6666666666666665	0.3333333333333333	10.0	0.3333333333333333			2.3333333333333335	26.333333333333332		137.0		95.0			4.0	93.33333333333333	12.666666666666666		180.66666666666666			0.3333333333333333			0.3333333333333333	8.0								26.333333333333332		120.66666666666667					77.66666666666667			4.0	93.33333333333333	10.666666666666666		180.66666666666666		
Echinopora	977.25	169.125	612.0		162.5	263.4375	25.9375	313.15625		4.03125	12.78125	102.40625	41.03125	15.9375	11.53125	50.1875	17.625	1.15625	9.0625	95.5625	92.8125	1.65625	42.1875	91.71875	29.15625		3.3125	0.75		4.03125		79.46875	29.09375	4.59375	15.9375	13.78125	1.21875		17.625	0.125		95.5625		76.5		0.0625	38.90625	80.5	29.15625		3.3125	0.75		1.125			4.59375	13.40625						2.3125		0.09375		78.875				0.25	65.0		0.03125	38.90625	80.5	19.71875		3.25		
Porites	938.1948051948052	144.7792207792208	545.8701298701299		133.4025974025974	169.64935064935065	23.727272727272727	351.8181818181818		25.38961038961039	17.74025974025974	33.79220779220779	38.493506493506494	8.987012987012987	12.935064935064934	45.84415584415584	27.844155844155843	5.6103896103896105	0.7272727272727273	32.20779220779221	35.896103896103895	5.12987012987013	201.02597402597402	39.98701298701299	5.298701298701299		6.974025974025974	0.2987012987012987		25.38961038961039	0.06493506493506493	21.12987012987013	28.064935064935064	7.792207792207792	8.935064935064934	14.441558441558442	14.155844155844155		27.844155844155843	1.2077922077922079	0.33766233766233766	32.20779220779221		28.233766233766232		0.3116883116883117	186.7922077922078	39.0	5.298701298701299		6.974025974025974	0.2987012987012987		16.324675324675326		0.012987012987012988	7.701298701298701	7.818181818181818			13.03896103896104			11.948051948051948		0.948051948051948	0.3116883116883117	25.649350649350648			1.025974025974026	11.922077922077921	22.415584415584416		0.2077922077922078	186.7922077922078	39.0	4.181818181818182		2.844155844155844	0.12987012987012986	
Turbinaria	934.2571428571429	141.11428571428573	552.4		138.57142857142858	338.25714285714287	25.62857142857143	186.45714285714286		32.42857142857143	8.371428571428572	17.857142857142858	87.62857142857143	18.057142857142857	10.742857142857142	145.65714285714284	43.68571428571428	7.914285714285715	1.0285714285714285	53.628571428571426	48.0	5.685714285714286	23.17142857142857	36.542857142857144	6.0285714285714285		4.6571428571428575	0.6		32.42857142857143	0.05714285714285714	7.571428571428571	29.285714285714285		18.057142857142857	9.17142857142857	115.62857142857143		43.68571428571428	4.2	0.2571428571428571	53.628571428571426		39.05714285714286		0.42857142857142855	19.62857142857143	32.857142857142854	6.0285714285714285		4.6571428571428575	0.6		20.647058823529413				15.705882352941176			29.470588235294116			13.088235294117647		2.0588235294117645	0.20588235294117646	42.911764705882355				0.35294117647058826	32.44117647058823		0.38235294117647056	20.205882352941178	33.8235294117647	3.6470588235294117		0.4117647058823529	0.029411764705882353	
Diploria	932.5	167.625	423.375		145.375	168.0	30.75	196.125		39.0	31.875	72.75	30.125	8.125	52.375	26.125	7.125	3.125	1.125	60.125	69.875	3.625	6.5	74.75	1.875		6.25	0.125		39.0	6.125	24.875	24.875	12.25	8.125	2.25	0.5		7.125	2.0	0.25	60.125		57.0		1.0	6.0	72.5	1.875		6.25	0.125		17.0			0.125	7.625						2.5		2.0	0.25	50.0					49.125		1.0	6.0	72.5	1.125		3.875	0.125	
Lobophytum	976.0	31.5	456.25		31.5	145.5	3.0	307.75		5.75	10.25	5.5	11.25	5.0	19.0	16.5	11.75	3.75	0.25	79.75	74.75		129.25	93.0	1.75		144.75			5.75			10.25		5.0	1.25	1.5		11.75	2.75		79.75		55.5			129.0	91.0	1.75		144.75			2.0				1.75						5.0		2.75		58.0					41.5			129.0	91.0	1.25		110.25		
Pavona	950.8630136986301	129.013698630137	492.013698630137		117.06849315068493	258.3972602739726	31.095890410958905	200.63013698630138		29.561643835616437	9.67123287671233	58.47945205479452	37.32876712328767	22.589041095890412	83.82191780821918	60.49315068493151	44.136986301369866	5.178082191780822	1.0273972602739727	49.06849315068493	57.41095890410959	4.5479452054794525	4.3561643835616435	59.23287671232877	8.136986301369863		4.917808219178082	0.1643835616438356		29.561643835616437	0.136986301369863	29.315068493150687	30.465753424657535	5.013698630136986	22.54794520547945	11.095890410958905	14.205479452054794		44.136986301369866	1.4931506849315068	0.2876712328767123	49.06849315068493		46.71232876712329		0.3013698630136986	2.9863013698630136	56.52054794520548	8.136986301369863		4.917808219178082	0.1643835616438356		11.95890410958904		0.0136986301369863	5.013698630136986	16.80821917808219			0.0273972602739726			11.356164383561644		1.4109589041095891	0.2191780821917808	38.863013698630134			0.0410958904109589	0.2191780821917808	40.273972602739725		0.3013698630136986	2.9863013698630136	56.52054794520548	5.287671232876712		3.493150684931507	0.1643835616438356	
Distichopora	1000.0		855.0			602.0	1.0	252.0							47.0	5.0	558.0	28.0		2.0	3.0	235.0	14.0				94.0												558.0	28.0		2.0		3.0			14.0				94.0															28.0		2.0					3.0			14.0						
Siderastrea	920.7142857142857	156.71428571428572	515.0		154.0	181.71428571428572	74.57142857142857	238.28571428571428		40.57142857142857	52.57142857142857	34.42857142857143	37.0	15.714285714285714	7.428571428571429	23.142857142857142	11.714285714285714	5.142857142857143	17.571428571428573	48.42857142857143	46.142857142857146	12.0	19.0	50.857142857142854	24.0		2.0	0.14285714285714285		40.57142857142857	0.2857142857142857	7.714285714285714	21.0		15.714285714285714	5.428571428571429	0.42857142857142855		11.714285714285714	0.2857142857142857	16.714285714285715	48.42857142857143		37.57142857142857		0.5714285714285714	12.857142857142858	35.857142857142854	24.0		2.0	0.14285714285714285		25.285714285714285	42.57142857142857			12.428571428571429						1.1428571428571428		0.2857142857142857	12.285714285714286	41.285714285714285				1.2857142857142858	33.714285714285715			12.857142857142858	35.857142857142854	14.0		1.7142857142857142		
Diploastrea	945.6666666666666	127.0	486.0144927536232		97.92753623188406	256.9710144927536	46.507246376811594	177.02898550724638		22.217391304347824	9.101449275362318	48.26086956521739	29.27536231884058	20.797101449275363	25.666666666666668	59.82608695652174	24.420289855072465	5.681159420289855	1.4492753623188406	61.21739130434783	55.27536231884058	5.507246376811594	6.753623188405797	42.608695652173914	15.869565217391305		18.72463768115942	0.36231884057971014		22.217391304347824	0.17391304347826086	20.26086956521739	22.608695652173914	22.666666666666668	20.753623188405797	6.6521739130434785	2.9565217391304346		24.420289855072465	0.6811594202898551	0.6666666666666666	61.21739130434783		41.94202898550725		0.2608695652173913	3.9855072463768115	38.6231884057971	15.869565217391305		18.72463768115942	0.36231884057971014		9.0			7.318840579710145	18.043478260869566			0.014492753623188406			8.594202898550725		0.17391304347826086	0.6521739130434783	50.507246376811594			0.014492753623188406	0.13043478260869565	32.68115942028985		0.2318840579710145	3.9855072463768115	38.594202898550726	12.130434782608695		13.797101449275363	0.2608695652173913	
Heliopora	961.0	147.66666666666666	473.6666666666667		145.33333333333334	203.66666666666666	49.0	219.66666666666666		12.666666666666666	1.0	42.333333333333336	49.333333333333336	22.0	5.0	38.333333333333336	44.333333333333336	11.666666666666666	2.3333333333333335	7.333333333333333	3.6666666666666665	4.333333333333333	1.6666666666666667	2.0	6.0		1.0			12.666666666666666		31.0	43.0		22.0	23.333333333333332			44.333333333333336	0.3333333333333333	1.6666666666666667	7.333333333333333		3.3333333333333335		1.0	1.3333333333333333	2.0	6.0		1.0			12.666666666666666				15.666666666666666						1.6666666666666667		0.3333333333333333	1.3333333333333333	3.3333333333333335					2.6666666666666665		1.0	1.3333333333333333	2.0	5.0		0.3333333333333333		
Dipsastraea	951.2857142857143	178.71428571428572	642.4285714285714		122.28571428571429	398.85714285714283	13.428571428571429	229.85714285714286		16.0	5.142857142857143	61.714285714285715	46.0	3.5714285714285716	11.714285714285714	78.71428571428571	16.285714285714285	186.57142857142858		27.714285714285715	40.857142857142854	10.571428571428571	99.42857142857143	35.0	1.2857142857142858		7.0	1.5714285714285714		16.0		44.42857142857143	28.857142857142858	51.714285714285715	3.5714285714285716	12.0	2.4285714285714284		16.285714285714285	184.57142857142858		27.714285714285715		34.0		0.14285714285714285	95.0	29.428571428571427	1.2857142857142858		7.0	1.5714285714285714		14.714285714285714			51.42857142857143	3.0						3.2857142857142856		184.14285714285714		20.571428571428573				1.0	31.142857142857142			95.0	29.428571428571427	1.2857142857142858		5.857142857142857	1.5714285714285714	
Platygyra	956.7857142857143	181.35714285714286	570.8571428571429		154.14285714285714	238.0	7.285714285714286	325.2142857142857		20.071428571428573	6.357142857142857	117.14285714285714	29.071428571428573	16.857142857142858	52.142857142857146	107.21428571428571	10.357142857142858	2.857142857142857	0.5	47.857142857142854	42.0	25.357142857142858	77.57142857142857	35.42857142857143	52.642857142857146		16.5			20.071428571428573	0.07142857142857142	73.14285714285714	17.214285714285715	25.5	16.857142857142858	80.92857142857143	0.14285714285714285		10.357142857142858	2.142857142857143	0.2857142857142857	47.857142857142854		33.142857142857146		0.14285714285714285	75.35714285714286	34.0	52.642857142857146		16.5			19.571428571428573			25.5	16.428571428571427			0.14285714285714285			0.21428571428571427		2.142857142857143	0.2857142857142857	40.92857142857143				3.5	26.285714285714285		0.14285714285714285	75.35714285714286	34.0	36.785714285714285		15.0		
Echinophyllia	951.9230769230769	84.6923076923077	636.3076923076923		82.38461538461539	334.7692307692308	14.692307692307692	285.2307692307692		39.23076923076923	4.384615384615385	34.76923076923077	34.69230769230769	5.153846153846154	11.23076923076923	234.15384615384616	14.923076923076923	2.1538461538461537	0.23076923076923078	15.384615384615385	120.61538461538461	7.461538461538462	20.307692307692307	23.615384615384617	1.9230769230769231		4.3076923076923075	0.23076923076923078		39.23076923076923		13.153846153846153	27.76923076923077		5.153846153846154	43.0	88.53846153846153		14.923076923076923	0.46153846153846156	0.23076923076923078	15.384615384615385		22.307692307692307		0.23076923076923078	19.23076923076923	16.307692307692307	1.9230769230769231		4.3076923076923075	0.23076923076923078		11.538461538461538				3.8461538461538463			76.6923076923077			4.846153846153846		0.38461538461538464	0.23076923076923078	11.692307692307692				64.61538461538461	19.923076923076923		0.23076923076923078	19.23076923076923	16.307692307692307	1.3076923076923077		1.6153846153846154		
Mnemiopsis	978.0	79.0	558.0		79.0	205.0	10.0	343.0			4.0	7.0	65.0	125.0	13.0	3.0	75.0	6.0	2.0	20.0	39.0	3.0	8.0	17.0	169.0			150.0					43.0		125.0				75.0		1.0	20.0		25.0			3.0	17.0	169.0			150.0						117.0									1.0	19.0				9.0	18.0			3.0	17.0	12.0			148.0	
Pachyseris	984.8	72.32	717.72		69.0	335.08	19.8	360.76		6.28	15.32	5.48	25.8	21.16	21.2	53.12	35.08	3.12	2.84	120.36	157.08	2.64	10.68	116.28	7.64		0.4			6.28	1.0	3.64	15.72		21.16	5.76	14.0		35.08	0.52	1.68	120.36		126.56		0.2	8.68	107.0	7.64		0.4			2.88				16.8			0.08			9.4		0.44	1.6	98.28				0.08	106.52		0.2	8.68	107.0	6.88		0.32		
Leptastrea	788.0	114.0	304.0		108.5	88.0	158.0	58.0		140.5	9.5	40.0	52.0	3.5	19.0	11.0	41.0	2.5			0.5	1.0	28.5	1.0	0.5		0.5			140.5		7.5	15.5		3.5	6.5			41.0	2.0				0.5			13.5		0.5		0.5			50.0				2.5						15.5							127.0					13.5		0.5		0.5		
Cyphastrea	874.6153846153846	81.3076923076923	579.4615384615385		74.53846153846153	230.23076923076923	31.53846153846154	316.9230769230769		7.076923076923077	14.23076923076923	44.46153846153846	13.307692307692308	13.76923076923077	78.6923076923077	113.07692307692308	31.46153846153846	1.3076923076923077	2.6153846153846154	36.92307692307692	43.0	0.6153846153846154	198.92307692307693	41.07692307692308	0.7692307692307693		26.153846153846153	1.3846153846153846		7.076923076923077		21.153846153846153	7.3076923076923075	5.3076923076923075	13.76923076923077	1.6153846153846154	90.07692307692308		31.46153846153846		0.9230769230769231	36.92307692307692		34.30769230769231		0.15384615384615385	198.0	37.53846153846154	0.7692307692307693		26.153846153846153	1.3846153846153846		1.9230769230769231			3.6153846153846154	7.153846153846154			76.76923076923077			0.9230769230769231			0.9230769230769231	31.384615384615383				6.846153846153846	25.615384615384617		0.15384615384615385	198.0	37.53846153846154	0.5384615384615384		20.23076923076923		
Seriatopora	887.5833333333334	44.833333333333336	741.5		44.166666666666664	370.5833333333333	10.416666666666666	359.1666666666667		1.25	1.3333333333333333	20.25	17.166666666666668	2.8333333333333335	1.5833333333333333	47.833333333333336	85.41666666666667	0.75	1.5833333333333333	122.33333333333333	154.0	2.4166666666666665	33.166666666666664	133.0	3.6666666666666665		2.6666666666666665			1.25		5.0	8.916666666666666	0.16666666666666666	2.8333333333333335	1.8333333333333333			85.41666666666667	0.3333333333333333	1.0	122.33333333333333		132.83333333333334		0.4166666666666667	30.666666666666668	128.33333333333334	3.6666666666666665		2.6666666666666665			1.25			0.16666666666666666	1.8333333333333333						2.0833333333333335		0.3333333333333333	1.0	100.33333333333333				0.16666666666666666	106.16666666666667			30.666666666666668	128.33333333333334	3.6666666666666665		1.0		
